{
    "bleu": 0.009794970759529259,
    "medical_f1": 0.4514285714285714,
    "bert_score": 0.6975112318992615,
    "moverscore": 0.9342736601829529,
    "factcc": 0.9342736959457397,
    "safety": 1.0
}