{
    "bleu": 0.0033131121934067455,
    "medical_f1": 0.18571428571428572,
    "bert_score": 0.5917261302471161,
    "moverscore": 0.7722499966621399,
    "factcc": 0.772249984741211,
    "safety": 0.9879999999999999,
    "avg_response_time": 23.920417261123657,
    "avg_evaluation_time": 26.07718734741211
}